id,first_name,last_name,email,gender,ip_address
1,James,Coleman,jcoleman0@cam.ac.uk,Male,136.90.241.52
2,Lillian,Lawrence,llawrence1@statcounter.com,Female,101.177.15.130
3,Theresa,Hall,thall2@sohu.com,Female,114.123.153.64
4,Samuel,Tucker,stucker3@sun.com,Male,89.60.227.31
5,Emily,Dixon,edixon4@surveymonkey.com,Female,119.92.21.19
6,Brandon,Lewis,blewis5@phpbb.com,Male,54.107.123.97
7,Diana,Young,dyoung6@wufoo.com,Female,93.3.220.198
8,Mildred,Johnson,mjohnson7@reverbnation.com,Female,198.178.48.170
9,Tammy,Wallace,twallace8@over-blog.com,Female,98.200.128.206
10,Lawrence,Grant,lgrant9@discovery.com,Male,201.182.86.175
11,Julia,Ramirez,jramireza@fema.gov,Female,39.89.86.50
12,Craig,Burns,cburnsb@biglobe.ne.jp,Male,15.110.220.100
13,Jose,Burke,jburkec@whitehouse.gov,Male,28.111.134.31
14,Evelyn,Oliver,eoliverd@amazon.com,Female,27.64.22.68
15,Julia,Daniels,jdanielse@google.ca,Female,70.12.39.253
16,Judith,Stevens,jstevensf@bravesites.com,Female,254.10.37.70
17,Todd,Fields,tfieldsg@com.com,Male,100.156.195.99
18,David,Knight,dknighth@biglobe.ne.jp,Male,9.129.92.3
19,Martha,Harvey,mharveyi@storify.com,Female,132.230.81.45
20,Lois,Murray,lmurrayj@home.pl,Female,17.230.217.162
21,Larry,Nichols,lnicholsk@home.pl,Male,161.128.1.30
22,Jeremy,Mills,jmillsl@washington.edu,Male,107.134.118.250
23,Ernest,Banks,ebanksm@dailymotion.com,Male,229.222.144.65
24,Nicole,Wood,nwoodn@yahoo.com,Female,166.230.62.1
25,Joyce,Bennett,jbennetto@smugmug.com,Female,81.60.207.84
26,Gerald,Gibson,ggibsonp@biglobe.ne.jp,Male,138.247.157.31
27,Cynthia,Holmes,cholmesq@livejournal.com,Female,90.253.230.249
28,Elizabeth,Barnes,ebarnesr@drupal.org,Female,184.110.78.189
29,Elizabeth,Gilbert,egilberts@joomla.org,Female,37.47.19.212
30,Christine,Hall,challt@latimes.com,Female,228.142.69.76
